Date,Count
10/15/2007,352
10/16/2007,229
10/17/2007,194
10/18/2007,82
10/19/2007,104
10/20/2007,66
10/21/2007,44
10/22/2007,94
10/23/2007,114
10/24/2007,92
10/25/2007,96
10/26/2007,110
10/27/2007,88
10/28/2007,32
10/29/2007,82
10/30/2007,170
10/31/2007,69
11/1/2007,86
11/2/2007,20427
11/3/2007,36
11/4/2007,196
11/5/2007,108
11/6/2007,22570
11/7/2007,22213
11/8/2007,12072
11/9/2007,216
11/10/2007,54
11/11/2007,36
11/12/2007,64
11/13/2007,71
11/14/2007,98
11/15/2007,74
11/16/2007,60
11/17/2007,52
11/18/2007,54
11/19/2007,92
11/20/2007,161
11/21/2007,92
11/22/2007,66
11/23/2007,70
11/24/2007,52
11/25/2007,62
11/26/2007,96
11/27/2007,92
11/28/2007,118
11/29/2007,88
11/30/2007,76
12/1/2007,48
12/2/2007,74
12/3/2007,74
12/4/2007,108
12/5/2007,104
12/6/2007,144
12/7/2007,106
12/8/2007,34
12/9/2007,44
12/10/2007,84
12/11/2007,62
12/12/2007,78
12/13/2007,122
12/14/2007,62
12/15/2007,170
12/16/2007,44
12/17/2007,44
12/18/2007,64
12/19/2007,60
12/20/2007,54
12/21/2007,78
12/22/2007,40
12/23/2007,52
12/24/2007,54
12/25/2007,32
12/26/2007,62
12/27/2007,371
12/28/2007,112
12/29/2007,64
12/30/2007,24
12/31/2007,36
1/1/2008,1209
1/2/2008,85
1/3/2008,112
1/4/2008,378
1/5/2008,44
1/6/2008,41
1/7/2008,58
1/8/2008,64
1/9/2008,118
1/10/2008,50
1/11/2008,94
1/12/2008,29
1/13/2008,37
1/14/2008,84
1/15/2008,100
1/16/2008,168
1/17/2008,90
1/18/2008,54
1/19/2008,49
1/20/2008,50
1/21/2008,144
1/22/2008,47
1/23/2008,46
1/24/2008,56
1/25/2008,82
1/26/2008,32
1/27/2008,72
1/28/2008,52
1/29/2008,40
1/30/2008,42
1/31/2008,38
2/1/2008,62
2/2/2008,70
2/3/2008,34
2/4/2008,38
2/5/2008,100
2/6/2008,36
2/7/2008,52
2/8/2008,30
2/9/2008,32
2/10/2008,20
2/11/2008,36
2/12/2008,26
2/13/2008,36
2/14/2008,36
2/15/2008,30
2/16/2008,26
2/17/2008,52
2/18/2008,42
2/19/2008,58
2/20/2008,74
2/21/2008,40
2/22/2008,26
2/23/2008,26
2/24/2008,36
2/25/2008,36
2/26/2008,48
2/27/2008,36
2/28/2008,76
2/29/2008,28
3/1/2008,23
3/2/2008,24
3/3/2008,16
3/4/2008,30
3/5/2008,20
3/6/2008,62
3/7/2008,18
3/8/2008,22
3/9/2008,24
3/10/2008,24
3/11/2008,42
3/12/2008,50
3/13/2008,68
3/14/2008,44
3/15/2008,12
3/16/2008,30
3/17/2008,20
3/18/2008,26
3/19/2008,34
3/20/2008,20
3/21/2008,26
3/22/2008,28
3/23/2008,12
3/24/2008,24
3/25/2008,28
3/26/2008,30
3/27/2008,46
3/28/2008,38
3/29/2008,26
3/30/2008,28
3/31/2008,30
4/1/2008,30
4/2/2008,36
4/3/2008,36
4/4/2008,20
4/5/2008,22
4/6/2008,22
4/7/2008,32
4/8/2008,34
4/9/2008,30
4/10/2008,36
4/11/2008,34
4/12/2008,24
4/13/2008,32
4/14/2008,26
4/15/2008,34
4/16/2008,20
4/17/2008,22
4/18/2008,50
4/19/2008,40
4/20/2008,18
4/21/2008,42
4/22/2008,22
4/23/2008,32
4/24/2008,40
4/25/2008,28
4/26/2008,16
4/27/2008,20
4/28/2008,18
4/29/2008,28
4/30/2008,36
5/1/2008,10
5/2/2008,26
5/3/2008,32
5/4/2008,20
5/5/2008,28
5/6/2008,24
5/7/2008,18
5/8/2008,20
5/9/2008,24
5/10/2008,18
5/11/2008,18
5/12/2008,28
5/13/2008,48
5/14/2008,30
5/15/2008,30
5/16/2008,28
5/17/2008,30
5/18/2008,12
5/19/2008,26
5/20/2008,24
5/21/2008,32
5/22/2008,30
5/23/2008,12
5/24/2008,20
5/25/2008,18
5/26/2008,14
5/27/2008,86
5/28/2008,54
5/29/2008,56
5/30/2008,60
5/31/2008,32
6/1/2008,32
6/2/2008,68
6/3/2008,50
6/4/2008,56
6/5/2008,10
6/6/2008,22
6/7/2008,26
6/8/2008,18
6/9/2008,28
6/10/2008,126
6/11/2008,138
6/12/2008,34
6/13/2008,34
6/14/2008,20
6/15/2008,18
6/16/2008,32
6/17/2008,18
6/18/2008,46
6/19/2008,26
6/20/2008,16
6/21/2008,16
6/22/2008,26
6/23/2008,34
6/24/2008,36
6/25/2008,24
6/26/2008,20
6/27/2008,34
6/28/2008,22
6/29/2008,26
6/30/2008,22
7/1/2008,24
7/2/2008,20
7/3/2008,30
7/4/2008,128
7/5/2008,50
7/6/2008,20
7/7/2008,22
7/8/2008,20
7/9/2008,30
7/10/2008,38
7/11/2008,10
7/12/2008,26
7/13/2008,26
7/14/2008,28
7/15/2008,30
7/16/2008,38
7/17/2008,34
7/18/2008,32
7/19/2008,14
7/20/2008,14
7/21/2008,26
7/22/2008,14
7/23/2008,34
7/24/2008,30
7/25/2008,28
7/26/2008,6
7/27/2008,22
7/28/2008,24
7/29/2008,14
7/30/2008,34
7/31/2008,16
8/1/2008,26
8/2/2008,24
8/3/2008,10
8/4/2008,20
8/5/2008,38
8/6/2008,22
8/7/2008,8
8/8/2008,22
8/9/2008,14
8/10/2008,20
8/11/2008,20
8/12/2008,24
8/13/2008,26
8/14/2008,30
8/15/2008,16
8/16/2008,14
8/17/2008,16
8/18/2008,38
8/19/2008,22
8/20/2008,20
8/21/2008,18
8/22/2008,22
8/23/2008,16
8/24/2008,20
8/25/2008,16
8/26/2008,20
8/27/2008,18
8/28/2008,16
8/29/2008,16
8/30/2008,18
8/31/2008,16
9/1/2008,14
9/2/2008,14
9/3/2008,24
9/4/2008,16
9/5/2008,20
9/6/2008,16
9/7/2008,8
9/8/2008,18
9/9/2008,20
9/10/2008,22
9/11/2008,8
9/12/2008,14
9/13/2008,28
9/14/2008,12
9/15/2008,8
9/16/2008,18
9/17/2008,32
9/18/2008,24
9/19/2008,26
9/20/2008,20
9/21/2008,18
9/22/2008,14
9/23/2008,20
9/24/2008,20
9/25/2008,20
9/26/2008,32
9/27/2008,18
9/28/2008,8
9/29/2008,30
9/30/2008,22
10/1/2008,24
10/2/2008,14
10/3/2008,14
10/4/2008,26
10/5/2008,18
10/6/2008,24
10/7/2008,35
10/8/2008,24
10/9/2008,23
10/10/2008,23
10/11/2008,24
10/12/2008,10
10/13/2008,38
10/14/2008,26
10/15/2008,22
10/16/2008,42
10/17/2008,20
10/18/2008,10
10/19/2008,11
10/20/2008,29
10/21/2008,12
10/22/2008,20
10/23/2008,18
10/24/2008,9
10/25/2008,6
10/26/2008,11
10/27/2008,8
10/28/2008,9
10/29/2008,8
10/30/2008,10
10/31/2008,10
11/1/2008,14
11/2/2008,20
11/3/2008,22
11/4/2008,14
11/5/2008,24
11/6/2008,31
11/7/2008,16
11/8/2008,17
11/9/2008,14
11/10/2008,20
11/11/2008,20
11/12/2008,25
11/13/2008,21
11/14/2008,20
11/15/2008,20
11/16/2008,22
11/17/2008,22
11/18/2008,37
11/19/2008,30
11/20/2008,21
11/21/2008,18
11/22/2008,36
11/23/2008,14
11/24/2008,24
11/25/2008,24
11/26/2008,26
11/27/2008,17
11/28/2008,20
11/29/2008,20
11/30/2008,12
12/1/2008,12
12/2/2008,22
12/3/2008,36
12/4/2008,43
12/5/2008,26
12/6/2008,9
12/7/2008,9
12/8/2008,8
12/9/2008,15
12/10/2008,3
12/11/2008,9
12/12/2008,18
12/13/2008,15
12/14/2008,8
12/15/2008,9
12/16/2008,7
12/17/2008,14
12/18/2008,17
12/19/2008,10
12/20/2008,16
12/21/2008,18
12/22/2008,18
12/23/2008,36
12/24/2008,23
12/25/2008,14
12/26/2008,24
12/27/2008,16
12/28/2008,12
12/29/2008,24
12/30/2008,40
12/31/2008,22
1/1/2009,22
1/2/2009,28
1/3/2009,19
1/4/2009,23
1/5/2009,7
1/6/2009,19
1/7/2009,16
1/8/2009,11
1/9/2009,5
1/10/2009,11
1/11/2009,7
1/12/2009,11
1/13/2009,4
1/14/2009,19
1/15/2009,10
1/16/2009,11
1/17/2009,9
1/18/2009,10
1/19/2009,5
1/20/2009,18
1/21/2009,9
1/22/2009,20
1/23/2009,12
1/24/2009,15
1/25/2009,8
1/26/2009,13
1/27/2009,13
1/28/2009,17
1/29/2009,16
1/30/2009,17
1/31/2009,8
2/1/2009,12
2/2/2009,5
2/3/2009,18
2/4/2009,28
2/5/2009,20
2/6/2009,19
2/7/2009,7
2/8/2009,5
2/9/2009,14
2/10/2009,10
2/11/2009,13
2/12/2009,17
2/13/2009,9
2/14/2009,11
2/15/2009,12
2/16/2009,11
2/17/2009,13
2/18/2009,17
2/19/2009,11
2/20/2009,11
2/21/2009,11
2/22/2009,6
2/23/2009,12
2/24/2009,6
2/25/2009,17
2/26/2009,9
2/27/2009,5
2/28/2009,12
3/1/2009,12
3/2/2009,20
3/3/2009,32
3/4/2009,17
3/5/2009,20
3/6/2009,24
3/7/2009,10
3/8/2009,15
3/9/2009,32
3/10/2009,16
3/11/2009,4
3/12/2009,9
3/13/2009,21
3/14/2009,7
3/15/2009,7
3/16/2009,11
3/17/2009,5
3/18/2009,12
3/19/2009,16
3/20/2009,9
3/21/2009,7
3/22/2009,5
3/23/2009,9
3/24/2009,11
3/25/2009,21
3/26/2009,10
3/27/2009,12
3/28/2009,9
3/29/2009,10
3/30/2009,5
3/31/2009,4
4/1/2009,7
4/2/2009,15
4/3/2009,2
4/4/2009,12
4/5/2009,2
4/6/2009,18
4/7/2009,11
4/8/2009,13
4/9/2009,10
4/10/2009,5
4/11/2009,8
4/12/2009,6
4/13/2009,13
4/14/2009,7
4/15/2009,7
4/16/2009,9
4/17/2009,18
4/18/2009,6
4/19/2009,9
4/20/2009,14
4/21/2009,11
4/22/2009,5
4/23/2009,16
4/24/2009,16
4/25/2009,11
4/26/2009,4
4/27/2009,23
4/28/2009,28
4/29/2009,12
4/30/2009,5
5/1/2009,9
5/2/2009,13
5/3/2009,4
5/4/2009,8
5/5/2009,10
5/6/2009,8
5/7/2009,5
5/8/2009,18
5/9/2009,11
5/10/2009,7
5/11/2009,7
5/12/2009,12
5/13/2009,13
5/14/2009,11
5/15/2009,8
5/16/2009,6
5/17/2009,3
5/18/2009,7
5/19/2009,11
5/20/2009,12
5/21/2009,11
5/22/2009,9
5/23/2009,4
5/24/2009,4
5/25/2009,9
5/26/2009,7
5/27/2009,14
5/28/2009,6
5/29/2009,13
5/30/2009,13
5/31/2009,6
6/1/2009,7
6/2/2009,7
6/3/2009,12
6/4/2009,4
6/5/2009,30
6/6/2009,45
6/7/2009,4
6/8/2009,9
6/9/2009,8
6/10/2009,4
6/11/2009,5
6/12/2009,6
6/13/2009,5
6/14/2009,3
6/15/2009,6
6/16/2009,13
6/17/2009,6
6/18/2009,5
6/19/2009,11
6/20/2009,8
6/21/2009,9
6/22/2009,7
6/23/2009,5
6/24/2009,8
6/25/2009,18
6/26/2009,10
6/27/2009,7
6/28/2009,8
6/29/2009,21
6/30/2009,33
7/1/2009,7
7/2/2009,14
7/3/2009,9
7/4/2009,12
7/5/2009,3
7/6/2009,8
7/7/2009,4
7/8/2009,99
7/9/2009,54
7/10/2009,32
7/11/2009,15
7/12/2009,5
7/13/2009,15
7/14/2009,22
7/15/2009,31
7/16/2009,9
7/17/2009,10
7/18/2009,11
7/19/2009,5
7/20/2009,3
7/21/2009,9
7/22/2009,12
7/23/2009,12
7/24/2009,12
7/25/2009,14
7/26/2009,6
7/27/2009,9
7/28/2009,10
7/29/2009,7
7/30/2009,10
7/31/2009,10
8/1/2009,6
8/2/2009,6
8/3/2009,10
8/4/2009,13
8/5/2009,163
8/6/2009,5
8/7/2009,11
8/8/2009,30
8/9/2009,4
8/10/2009,8
8/11/2009,14
8/12/2009,10
8/13/2009,11
8/14/2009,14
8/15/2009,8
8/16/2009,11
8/17/2009,8
8/18/2009,8
8/19/2009,13
8/20/2009,3
8/21/2009,7
8/22/2009,9
8/23/2009,4
8/24/2009,6
8/25/2009,10
8/26/2009,8
8/27/2009,11
8/28/2009,12
8/29/2009,9
8/30/2009,3
8/31/2009,8
9/1/2009,8
9/2/2009,10
9/3/2009,5
9/4/2009,11
9/5/2009,4
9/6/2009,9
9/7/2009,1
9/8/2009,5
9/9/2009,5
9/10/2009,9
9/11/2009,9
9/12/2009,5
9/13/2009,5
9/14/2009,15
9/15/2009,3
9/16/2009,5
9/17/2009,7
9/18/2009,8
9/19/2009,3
9/20/2009,9
9/21/2009,4
9/22/2009,5
9/23/2009,9
9/24/2009,6
9/25/2009,7
9/26/2009,5
9/27/2009,5
9/28/2009,10
9/29/2009,16
9/30/2009,2
10/1/2009,15
10/2/2009,11
10/3/2009,8
10/4/2009,6
10/5/2009,9
10/6/2009,6
10/7/2009,21
10/8/2009,12
10/9/2009,10
10/10/2009,11
10/11/2009,8
10/12/2009,7
10/13/2009,16
10/14/2009,22
10/15/2009,16
10/16/2009,10
10/17/2009,7
10/18/2009,13
10/19/2009,14
10/20/2009,19
10/21/2009,22
10/22/2009,8
10/23/2009,15
10/24/2009,12
10/25/2009,10
10/26/2009,17
10/27/2009,20
10/28/2009,13
10/29/2009,12
10/30/2009,16
10/31/2009,7
11/1/2009,13
11/2/2009,9
11/3/2009,15
11/4/2009,9
11/5/2009,9
11/6/2009,9
11/7/2009,13
11/8/2009,7
11/9/2009,12
11/10/2009,6
11/11/2009,8
11/12/2009,10
11/13/2009,9
11/14/2009,8
11/15/2009,13
11/16/2009,14
11/17/2009,9
11/18/2009,12
11/19/2009,13
11/20/2009,11
11/21/2009,6
11/22/2009,10
11/23/2009,20
11/24/2009,21
11/25/2009,7
11/26/2009,18
11/27/2009,8
11/28/2009,11
11/29/2009,8
11/30/2009,8
12/1/2009,9
12/2/2009,7
12/3/2009,8
12/4/2009,13
12/5/2009,3
12/6/2009,9
12/7/2009,24
12/8/2009,15
12/9/2009,10
12/10/2009,8
12/11/2009,11
12/12/2009,11
12/13/2009,7
12/14/2009,9
12/15/2009,4
12/16/2009,6
12/17/2009,110
12/18/2009,28
12/19/2009,12
12/20/2009,11
12/21/2009,12
12/22/2009,10
12/23/2009,19
12/24/2009,8
12/25/2009,7
12/26/2009,6
12/27/2009,7
12/28/2009,13
12/29/2009,6
12/30/2009,15
12/31/2009,2
1/1/2010,9
1/2/2010,6
1/3/2010,4
1/4/2010,9
1/5/2010,11
1/6/2010,8
1/7/2010,5
1/8/2010,11
1/9/2010,8
1/10/2010,12
1/11/2010,6
1/12/2010,9
1/13/2010,9
1/14/2010,8
1/15/2010,7
1/16/2010,10
1/17/2010,17
1/18/2010,13
1/19/2010,15
1/20/2010,19
1/21/2010,12
1/22/2010,4
1/23/2010,6
1/24/2010,12
1/25/2010,15
1/26/2010,15
1/27/2010,9
1/28/2010,12
1/29/2010,15
1/30/2010,9
1/31/2010,4
2/1/2010,34
2/2/2010,14
2/3/2010,12
2/4/2010,7
2/5/2010,7
2/6/2010,9
2/7/2010,9
2/8/2010,11
2/9/2010,12
2/10/2010,16
2/11/2010,11
2/12/2010,19
2/13/2010,3
2/14/2010,4
2/15/2010,11
2/16/2010,12
2/17/2010,9
2/18/2010,9
2/19/2010,6
2/20/2010,6
2/21/2010,5
2/22/2010,9
2/23/2010,4
2/24/2010,8
2/25/2010,11
2/26/2010,3
2/27/2010,5
2/28/2010,5
3/1/2010,6
3/2/2010,17
3/3/2010,12
3/4/2010,3
3/5/2010,6
3/6/2010,6
3/7/2010,4
3/8/2010,5
3/9/2010,7
3/10/2010,4
3/11/2010,12
3/12/2010,22
3/13/2010,10
3/14/2010,11
3/15/2010,8
3/16/2010,12
3/17/2010,14
3/18/2010,10
3/19/2010,10
3/20/2010,11
3/21/2010,5
3/22/2010,12
3/23/2010,8
3/24/2010,5
3/25/2010,6
3/26/2010,5
3/27/2010,1
3/28/2010,6
3/29/2010,8
3/30/2010,8
3/31/2010,11
4/1/2010,5
4/2/2010,4
4/3/2010,4
4/4/2010,3
4/5/2010,6
4/6/2010,9
4/7/2010,3
4/8/2010,9
4/9/2010,9
4/10/2010,5
4/11/2010,5
4/12/2010,2
4/13/2010,9
4/14/2010,3
4/15/2010,4
4/16/2010,14
4/17/2010,1
4/18/2010,4
4/19/2010,14
4/20/2010,2
4/21/2010,7
4/22/2010,6
4/23/2010,5
4/24/2010,4
4/25/2010,24
4/26/2010,9
4/27/2010,10
4/28/2010,8
4/29/2010,6
4/30/2010,9
5/1/2010,6
5/2/2010,5
5/3/2010,12
5/4/2010,3
5/5/2010,1
5/6/2010,3
5/7/2010,5
5/8/2010,3
5/9/2010,7
5/10/2010,5
5/11/2010,9
5/12/2010,3
5/13/2010,8
5/14/2010,7
5/15/2010,9
5/16/2010,8
5/17/2010,11
5/18/2010,11
5/19/2010,9
5/20/2010,7
5/21/2010,11
5/22/2010,9
5/23/2010,39
5/24/2010,11
5/25/2010,16
5/26/2010,5
5/27/2010,19
5/28/2010,17
5/29/2010,14
5/30/2010,10
5/31/2010,10
6/1/2010,4
6/2/2010,17
6/3/2010,7
6/4/2010,7
6/5/2010,13
6/6/2010,6
6/7/2010,6
6/8/2010,42
6/9/2010,15
6/10/2010,5
6/11/2010,6
6/12/2010,3
6/13/2010,4
6/14/2010,6
6/15/2010,8
6/16/2010,13
6/17/2010,20
6/18/2010,15
6/19/2010,25
6/20/2010,19
6/21/2010,12
6/22/2010,14
6/23/2010,9
6/24/2010,38
6/25/2010,4
6/26/2010,12
6/27/2010,4
6/28/2010,3
6/29/2010,6
6/30/2010,17
7/1/2010,5
7/2/2010,8
7/3/2010,8
7/4/2010,13
7/5/2010,5
7/6/2010,19
7/7/2010,26
7/8/2010,11
7/9/2010,11
7/10/2010,8
7/11/2010,7
7/12/2010,16
7/13/2010,4
7/14/2010,7
7/15/2010,17
7/16/2010,15
7/17/2010,10
7/18/2010,8
7/19/2010,8
7/20/2010,9
7/21/2010,2
7/22/2010,4
7/23/2010,0
7/24/2010,0
7/25/2010,1
7/26/2010,1
7/27/2010,0
7/28/2010,0
7/29/2010,0
7/30/2010,0
7/31/2010,0
8/1/2010,0
8/2/2010,0
8/3/2010,0
8/4/2010,0
8/5/2010,0
8/6/2010,0
8/7/2010,0
8/8/2010,0
8/9/2010,0
8/10/2010,0
8/11/2010,0
8/12/2010,0
8/13/2010,0
8/14/2010,0
8/15/2010,3
8/16/2010,0
8/17/2010,2
8/18/2010,4
8/19/2010,0
8/20/2010,0
8/21/2010,0
8/22/2010,0
8/23/2010,0
8/24/2010,0
8/25/2010,0
8/26/2010,0
8/27/2010,0
8/28/2010,2
8/29/2010,3
8/30/2010,0
8/31/2010,0
9/1/2010,0
9/2/2010,0
9/3/2010,1
9/4/2010,0
9/5/2010,0
9/6/2010,0
9/7/2010,11
9/8/2010,11
9/9/2010,2
9/10/2010,0
9/11/2010,0
9/12/2010,0
9/13/2010,0
9/14/2010,0
9/15/2010,0
9/16/2010,0
9/17/2010,0
9/18/2010,7
9/19/2010,0
9/20/2010,0
9/21/2010,0
9/22/2010,1
9/23/2010,1
9/24/2010,0
9/25/2010,1
9/26/2010,1
9/27/2010,1
9/28/2010,0
9/29/2010,0
9/30/2010,0
10/1/2010,1
10/2/2010,2
10/3/2010,0
10/4/2010,3
10/5/2010,1
10/6/2010,2
10/7/2010,0
10/8/2010,1
10/9/2010,1
10/10/2010,0
10/11/2010,4
10/12/2010,0
10/13/2010,1
10/14/2010,1
10/15/2010,0
10/16/2010,0
10/17/2010,1
10/18/2010,0
10/19/2010,1
10/20/2010,0
10/21/2010,1
10/22/2010,0
10/23/2010,1
10/24/2010,0
10/25/2010,0
10/26/2010,0
10/27/2010,0
10/28/2010,9
10/29/2010,0
10/30/2010,1
10/31/2010,0
11/1/2010,1
11/2/2010,0
11/3/2010,3
11/4/2010,0
11/5/2010,0
11/6/2010,1
11/7/2010,0
11/8/2010,4
11/9/2010,0
11/10/2010,0
11/11/2010,0
11/12/2010,1
11/13/2010,3
11/14/2010,2
11/15/2010,3
11/16/2010,7
11/17/2010,0
11/18/2010,0
11/19/2010,0
11/20/2010,0
11/21/2010,3
11/22/2010,0
11/23/2010,1
11/24/2010,1
11/25/2010,1
11/26/2010,2
11/27/2010,1
11/28/2010,1
11/29/2010,1
11/30/2010,1
12/1/2010,0
12/2/2010,0
12/3/2010,0
12/4/2010,0
12/5/2010,6
12/6/2010,2
12/7/2010,0
12/8/2010,1
12/9/2010,2
12/10/2010,1
12/11/2010,0
12/12/2010,1
12/13/2010,0
12/14/2010,1
12/15/2010,1
12/16/2010,1
12/17/2010,8
12/18/2010,0
12/19/2010,4
12/20/2010,1
12/21/2010,1
12/22/2010,2
12/23/2010,1
12/24/2010,10
12/25/2010,8
12/26/2010,4
12/27/2010,2
12/28/2010,0
12/29/2010,2
12/30/2010,0
12/31/2010,6
1/1/2011,1
1/2/2011,1
1/3/2011,110
1/4/2011,4
1/5/2011,3
1/6/2011,1
1/7/2011,2
1/8/2011,2
1/9/2011,0
1/10/2011,0
1/11/2011,3
1/12/2011,1
1/13/2011,11
1/14/2011,5
1/15/2011,3
1/16/2011,1
1/17/2011,0
1/18/2011,2
1/19/2011,1
1/20/2011,0
1/21/2011,6
1/22/2011,10
1/23/2011,43
1/24/2011,25
1/25/2011,19
1/26/2011,2
1/27/2011,2
1/28/2011,0
1/29/2011,1
1/30/2011,3
1/31/2011,0
2/1/2011,132
2/2/2011,3
2/3/2011,1
2/4/2011,14
2/5/2011,2
2/6/2011,1
2/7/2011,11
2/8/2011,4
2/9/2011,3
2/10/2011,5
2/11/2011,8
2/12/2011,5
2/13/2011,1
2/14/2011,2
2/15/2011,1
2/16/2011,1
2/17/2011,2
2/18/2011,24
2/19/2011,0
2/20/2011,1
2/21/2011,0
2/22/2011,2
2/23/2011,1
2/24/2011,0
2/25/2011,0
2/26/2011,1
2/27/2011,0
2/28/2011,1
3/1/2011,0
3/2/2011,7
3/3/2011,1
3/4/2011,2
3/5/2011,1
3/6/2011,0
3/7/2011,0
3/8/2011,0
3/9/2011,0
3/10/2011,0
3/11/2011,1
3/12/2011,2
3/13/2011,0
3/14/2011,0
3/15/2011,0
3/16/2011,0
3/17/2011,0
3/18/2011,32
3/19/2011,31
3/20/2011,13
3/21/2011,33
3/22/2011,8
3/23/2011,2
3/24/2011,1
3/25/2011,5
3/26/2011,2
3/27/2011,2
3/28/2011,3
3/29/2011,10
3/30/2011,3
3/31/2011,6
4/1/2011,11
4/2/2011,8
4/3/2011,105
4/4/2011,71
4/5/2011,79
4/6/2011,45
4/7/2011,36
4/8/2011,12
4/9/2011,7
4/10/2011,17
4/11/2011,25
4/12/2011,16
4/13/2011,38
4/14/2011,26
4/15/2011,17
4/16/2011,13
4/17/2011,9
4/18/2011,28
4/19/2011,10
4/20/2011,9
4/21/2011,4
4/22/2011,0
4/23/2011,7
4/24/2011,3
4/25/2011,20
4/26/2011,9
4/27/2011,20
4/28/2011,3
4/29/2011,10
4/30/2011,5
5/1/2011,3
5/2/2011,4
5/3/2011,8
5/4/2011,5
5/5/2011,4
5/6/2011,4
5/7/2011,3
5/8/2011,6
5/9/2011,2
5/10/2011,3
5/11/2011,17
5/12/2011,1
5/13/2011,10
5/14/2011,16
5/15/2011,2
5/16/2011,9
5/17/2011,8
5/18/2011,8
5/19/2011,15
5/20/2011,9
5/21/2011,6
5/22/2011,2
5/23/2011,9
5/24/2011,7
5/25/2011,7
5/26/2011,11
5/27/2011,5
5/28/2011,12
5/29/2011,15
5/30/2011,14
5/31/2011,33
6/1/2011,9
6/2/2011,13
6/3/2011,13
6/4/2011,13
6/5/2011,6
6/6/2011,3
6/7/2011,6
6/8/2011,10
6/9/2011,8
6/10/2011,15
6/11/2011,4
6/12/2011,1
6/13/2011,9
6/14/2011,2
6/15/2011,7
6/16/2011,4
6/17/2011,7
6/18/2011,13
6/19/2011,7
6/20/2011,26
6/21/2011,11
6/22/2011,9
6/23/2011,2
6/24/2011,2
6/25/2011,5
6/26/2011,3
6/27/2011,8
6/28/2011,7
6/29/2011,15
6/30/2011,17
7/1/2011,7
7/2/2011,5
7/3/2011,11
7/4/2011,27
7/5/2011,8
7/6/2011,26
7/7/2011,8
7/8/2011,8
7/9/2011,11
7/10/2011,9
7/11/2011,12
7/12/2011,14
7/13/2011,12
7/14/2011,12
7/15/2011,8
7/16/2011,7
7/17/2011,6
7/18/2011,11
7/19/2011,11
7/20/2011,7
7/21/2011,9
7/22/2011,9
7/23/2011,9
7/24/2011,3
7/25/2011,5
7/26/2011,4
7/27/2011,4
7/28/2011,12
7/29/2011,10
7/30/2011,3
7/31/2011,10
8/1/2011,14
8/2/2011,7
8/3/2011,4
8/4/2011,0
8/5/2011,4
8/6/2011,7
8/7/2011,7
8/8/2011,5
8/9/2011,3
8/10/2011,8
8/11/2011,8
8/12/2011,4
8/13/2011,4
8/14/2011,11
8/15/2011,17
8/16/2011,5
8/17/2011,5
8/18/2011,10
8/19/2011,9
8/20/2011,4
8/21/2011,5
8/22/2011,4
8/23/2011,1
8/24/2011,5
8/25/2011,2
8/26/2011,28
8/27/2011,20
8/28/2011,19
8/29/2011,11
8/30/2011,3
8/31/2011,4
9/1/2011,6
9/2/2011,5
9/3/2011,7
9/4/2011,9
9/5/2011,9
9/6/2011,8
9/7/2011,5
9/8/2011,6
9/9/2011,10
9/10/2011,10
9/11/2011,15
9/12/2011,5
9/13/2011,5
9/14/2011,6
9/15/2011,11
9/16/2011,6
9/17/2011,6
9/18/2011,9
9/19/2011,7
9/20/2011,12
9/21/2011,6
9/22/2011,3
9/23/2011,15
9/24/2011,8
9/25/2011,7
9/26/2011,14
9/27/2011,8
9/28/2011,5
9/29/2011,9
9/30/2011,6
10/1/2011,8
10/2/2011,5
10/3/2011,7
10/4/2011,9
10/5/2011,5
10/6/2011,7
10/7/2011,8
10/8/2011,6
10/9/2011,1
10/10/2011,14
10/11/2011,5
10/12/2011,6
10/13/2011,4
10/14/2011,3
10/15/2011,5
10/16/2011,3
10/17/2011,6
10/18/2011,8
10/19/2011,4
10/20/2011,2
10/21/2011,8
10/22/2011,9
10/23/2011,4
10/24/2011,6
10/25/2011,7
10/26/2011,7
10/27/2011,7
10/28/2011,3
10/29/2011,4
10/30/2011,5
10/31/2011,1
11/1/2011,8
11/2/2011,7
11/3/2011,4
11/4/2011,10
11/5/2011,5
11/6/2011,15
11/7/2011,37
11/8/2011,31
11/9/2011,18
11/10/2011,25
11/11/2011,4
11/12/2011,5
11/13/2011,2
11/14/2011,18
11/15/2011,38
11/16/2011,37
11/17/2011,15
11/18/2011,32
11/19/2011,6
11/20/2011,11
11/21/2011,6
11/22/2011,27
11/23/2011,12
11/24/2011,426
11/25/2011,87
11/26/2011,31
11/27/2011,16
11/28/2011,14
11/29/2011,23
11/30/2011,8
12/1/2011,23
12/2/2011,20
12/3/2011,30
12/4/2011,9
12/5/2011,49
12/6/2011,15
12/7/2011,11
12/8/2011,18
12/9/2011,11
12/10/2011,9
12/11/2011,14
12/12/2011,14
12/13/2011,21
12/14/2011,53
12/15/2011,67
12/16/2011,98
12/17/2011,75
12/18/2011,75
12/19/2011,56
12/20/2011,28
12/21/2011,88
12/22/2011,70
12/23/2011,69
12/24/2011,31
12/25/2011,16
12/26/2011,10
12/27/2011,25
12/28/2011,52
12/29/2011,20
12/30/2011,21
12/31/2011,16
1/1/2012,13
1/2/2012,15
1/3/2012,20
1/4/2012,20
1/5/2012,30
1/6/2012,35
1/7/2012,38
1/8/2012,24
1/9/2012,19
1/10/2012,134
1/11/2012,45
1/12/2012,35
1/13/2012,29
1/14/2012,14
1/15/2012,17
1/16/2012,25
1/17/2012,42
1/18/2012,23
1/19/2012,46
1/20/2012,25
1/21/2012,23
1/22/2012,18
1/23/2012,21
1/24/2012,37
1/25/2012,55
1/26/2012,71
1/27/2012,36
1/28/2012,59
1/29/2012,27
1/30/2012,51
1/31/2012,60
2/1/2012,45
2/2/2012,57
2/3/2012,51
2/4/2012,18
2/5/2012,41
2/6/2012,33
2/7/2012,51
2/8/2012,66
2/9/2012,53
2/10/2012,78
2/11/2012,87
2/12/2012,122
2/13/2012,128
2/14/2012,121
2/15/2012,84
2/16/2012,52
2/17/2012,58
2/18/2012,51
2/19/2012,54
2/20/2012,66
2/21/2012,99
2/22/2012,100
2/23/2012,103
2/24/2012,102
2/25/2012,123
2/26/2012,110
2/27/2012,100
2/28/2012,139
2/29/2012,166
3/1/2012,94
3/2/2012,146
3/3/2012,84
3/4/2012,56
3/5/2012,45
3/6/2012,63
3/7/2012,121
3/8/2012,145
3/9/2012,142
3/10/2012,128
3/11/2012,155
3/12/2012,156
3/13/2012,164
3/14/2012,191
3/15/2012,141
3/16/2012,166
3/17/2012,130
3/18/2012,94
3/19/2012,145
3/20/2012,190
3/21/2012,137
3/22/2012,191
3/23/2012,175
3/24/2012,136
3/25/2012,121
3/26/2012,159
3/27/2012,169
3/28/2012,176
3/29/2012,221
3/30/2012,186
3/31/2012,166
4/1/2012,143
4/2/2012,141
4/3/2012,223
4/4/2012,225
4/5/2012,183
4/6/2012,215
4/7/2012,144
4/8/2012,215
4/9/2012,212
4/10/2012,233
4/11/2012,252
4/12/2012,410
4/13/2012,273
4/14/2012,216
4/15/2012,167
4/16/2012,300
4/17/2012,221
4/18/2012,265
4/19/2012,203
4/20/2012,306
4/21/2012,227
4/22/2012,225
4/23/2012,251
4/24/2012,335
4/25/2012,283
4/26/2012,193
4/27/2012,300
4/28/2012,267
4/29/2012,353
4/30/2012,218
5/1/2012,267
5/2/2012,191
5/3/2012,262
5/4/2012,199
5/5/2012,189
5/6/2012,170
5/7/2012,176
5/8/2012,213
5/9/2012,251
5/10/2012,269
5/11/2012,217
5/12/2012,229
5/13/2012,236
5/14/2012,232
5/15/2012,238
5/16/2012,219
5/17/2012,172
5/18/2012,223
5/19/2012,181
5/20/2012,229
5/21/2012,233
5/22/2012,247
5/23/2012,273
5/24/2012,285
5/25/2012,249
5/26/2012,210
5/27/2012,246
5/28/2012,273
5/29/2012,289
5/30/2012,267
5/31/2012,234
6/1/2012,225
6/2/2012,263
6/3/2012,255
6/4/2012,258
6/5/2012,312
6/6/2012,310
6/7/2012,369
6/8/2012,319
6/9/2012,270
6/10/2012,206
6/11/2012,284
6/12/2012,266
6/13/2012,221
6/14/2012,315
6/15/2012,254
6/16/2012,247
6/17/2012,213
6/18/2012,250
6/19/2012,213
6/20/2012,238
6/21/2012,223
6/22/2012,247
6/23/2012,197
6/24/2012,251
6/25/2012,280
6/26/2012,318
6/27/2012,266
6/28/2012,207
6/29/2012,722
6/30/2012,571
7/1/2012,424
7/2/2012,476
7/3/2012,374
7/4/2012,219
7/5/2012,219
7/6/2012,304
7/7/2012,329
7/8/2012,303
7/9/2012,342
7/10/2012,254
7/11/2012,289
7/12/2012,426
7/13/2012,328
7/14/2012,320
7/15/2012,247
7/16/2012,259
7/17/2012,244
7/18/2012,336
7/19/2012,303
7/20/2012,301
7/21/2012,221
7/22/2012,167
7/23/2012,182
7/24/2012,202
7/25/2012,200
7/26/2012,194
7/27/2012,214
7/28/2012,238
7/29/2012,246
7/30/2012,300
7/31/2012,353
8/1/2012,289
8/2/2012,339
8/3/2012,265
8/4/2012,288
8/5/2012,154
8/6/2012,210
8/7/2012,264
8/8/2012,255
8/9/2012,274
8/10/2012,230
8/11/2012,231
8/12/2012,166
8/13/2012,284
8/14/2012,289
8/15/2012,251
8/16/2012,233
8/17/2012,188
8/18/2012,166
8/19/2012,111
8/20/2012,175
8/21/2012,194
8/22/2012,157
8/23/2012,192
8/24/2012,245
8/25/2012,175
8/26/2012,111
8/27/2012,206
8/28/2012,198
8/29/2012,146
8/30/2012,161
8/31/2012,177
9/1/2012,97
9/2/2012,41
9/3/2012,27
9/4/2012,15
9/5/2012,30
9/6/2012,48
9/7/2012,171
9/8/2012,69
9/9/2012,55
9/10/2012,65
9/11/2012,52
9/12/2012,36
9/13/2012,41
9/14/2012,27
9/15/2012,30
9/16/2012,14
9/17/2012,55
9/18/2012,44
9/19/2012,37
9/20/2012,34
9/21/2012,57
9/22/2012,27
9/23/2012,37
9/24/2012,64
9/25/2012,50
9/26/2012,45
9/27/2012,77
9/28/2012,34
9/29/2012,18
9/30/2012,29
10/1/2012,41
10/2/2012,36
10/3/2012,21
10/4/2012,36
10/5/2012,28
10/6/2012,26
10/7/2012,43
10/8/2012,50
10/9/2012,23
10/10/2012,24
10/11/2012,38
10/12/2012,21
10/13/2012,27
10/14/2012,32
10/15/2012,34
10/16/2012,37
10/17/2012,41
10/18/2012,28
10/19/2012,27
10/20/2012,29
10/21/2012,41
10/22/2012,42
10/23/2012,32
10/24/2012,40
10/25/2012,53
10/26/2012,26
10/27/2012,20
10/28/2012,15
10/29/2012,31
10/30/2012,37
10/31/2012,28
11/1/2012,23
11/2/2012,38
11/3/2012,16
11/4/2012,42
11/5/2012,37
11/6/2012,34
11/7/2012,67
11/8/2012,51
11/9/2012,68
11/10/2012,40
11/11/2012,36
11/12/2012,49
11/13/2012,43
11/14/2012,54
11/15/2012,31
11/16/2012,25
11/17/2012,30
11/18/2012,35
11/19/2012,37
11/20/2012,48
11/21/2012,64
11/22/2012,47
11/23/2012,29
11/24/2012,20
11/25/2012,31
11/26/2012,51
11/27/2012,70
11/28/2012,51
11/29/2012,51
11/30/2012,41
12/1/2012,73
12/2/2012,45
12/3/2012,55
12/4/2012,53
12/5/2012,53
12/6/2012,63
12/7/2012,99
12/8/2012,55
12/9/2012,45
12/10/2012,63
12/11/2012,58
12/12/2012,63
12/13/2012,55
12/14/2012,41
12/15/2012,67
12/16/2012,66
12/17/2012,58
12/18/2012,46
12/19/2012,60
12/20/2012,76
12/21/2012,52
12/22/2012,55
12/23/2012,375
12/24/2012,383
12/25/2012,35
12/26/2012,50
12/27/2012,48
12/28/2012,68
12/29/2012,50
12/30/2012,35
12/31/2012,56
1/1/2013,33
1/2/2013,63
1/3/2013,56
1/4/2013,49
1/5/2013,41
1/6/2013,60
1/7/2013,29
1/8/2013,23
1/9/2013,29
1/10/2013,49
1/11/2013,32
1/12/2013,49
1/13/2013,30
1/14/2013,94
1/15/2013,56
1/16/2013,58
1/17/2013,40
1/18/2013,47
1/19/2013,30
1/20/2013,53
1/21/2013,61
1/22/2013,120
1/23/2013,91
1/24/2013,58
1/25/2013,56
1/26/2013,56
1/27/2013,50
1/28/2013,87
1/29/2013,61
1/30/2013,89
1/31/2013,97
2/1/2013,82
2/2/2013,39
2/3/2013,26
2/4/2013,45
2/5/2013,60
2/6/2013,44
2/7/2013,60
2/8/2013,35
2/9/2013,53
2/10/2013,54
2/11/2013,56
2/12/2013,63
2/13/2013,66
2/14/2013,67
2/15/2013,39
2/16/2013,38
2/17/2013,37
2/18/2013,52
2/19/2013,71
2/20/2013,55
2/21/2013,52
2/22/2013,41
2/23/2013,44
2/24/2013,40
2/25/2013,65
2/26/2013,78
2/27/2013,95
2/28/2013,80
3/1/2013,84
3/2/2013,72
3/3/2013,65
3/4/2013,57
3/5/2013,85
3/6/2013,67
3/7/2013,76
3/8/2013,66
3/9/2013,69
3/10/2013,61
3/11/2013,70
3/12/2013,82
3/13/2013,43
3/14/2013,57
3/15/2013,56
3/16/2013,73
3/17/2013,51
3/18/2013,91
3/19/2013,55
3/20/2013,59
3/21/2013,59
3/22/2013,57
3/23/2013,79
3/24/2013,74
3/25/2013,81
3/26/2013,77
3/27/2013,85
3/28/2013,103
3/29/2013,85
3/30/2013,56
3/31/2013,74
4/1/2013,67
4/2/2013,105
4/3/2013,90
4/4/2013,83
4/5/2013,76
4/6/2013,90
4/7/2013,94
4/8/2013,112
4/9/2013,73
4/10/2013,72
4/11/2013,96
4/12/2013,77
4/13/2013,66
4/14/2013,59
4/15/2013,61
4/16/2013,76
4/17/2013,61
4/18/2013,55
4/19/2013,57
4/20/2013,52
4/21/2013,44
4/22/2013,88
4/23/2013,68
4/24/2013,85
4/25/2013,71
4/26/2013,93
4/27/2013,70
4/28/2013,80
4/29/2013,87
4/30/2013,61
5/1/2013,54
5/2/2013,82
5/3/2013,66
5/4/2013,75
5/5/2013,51
5/6/2013,56
5/7/2013,39
5/8/2013,52
5/9/2013,52
5/10/2013,46
5/11/2013,28
5/12/2013,20
5/13/2013,33
5/14/2013,45
5/15/2013,19
5/16/2013,19
5/17/2013,18
5/18/2013,13
5/19/2013,24
5/20/2013,44
5/21/2013,24
5/22/2013,32
5/23/2013,35
5/24/2013,23
5/25/2013,24
5/26/2013,28
5/27/2013,55
5/28/2013,52
5/29/2013,45
5/30/2013,49
5/31/2013,41
6/1/2013,24
6/2/2013,26
6/3/2013,42
6/4/2013,60
6/5/2013,62
6/6/2013,55
6/7/2013,48
6/8/2013,55
6/9/2013,67
6/10/2013,111
6/11/2013,98
6/12/2013,82
6/13/2013,132
6/14/2013,154
6/15/2013,153
6/16/2013,89
6/17/2013,128
6/18/2013,58
6/19/2013,53
6/20/2013,59
6/21/2013,107
6/22/2013,77
6/23/2013,48
6/24/2013,77
6/25/2013,90
6/26/2013,58
6/27/2013,83
6/28/2013,45
6/29/2013,94
6/30/2013,176
7/1/2013,142
7/2/2013,91
7/3/2013,84
7/4/2013,61
7/5/2013,44
7/6/2013,69
7/7/2013,72
7/8/2013,71
7/9/2013,68
7/10/2013,83
7/11/2013,78
7/12/2013,84
7/13/2013,65
7/14/2013,140
7/15/2013,162
7/16/2013,118
7/17/2013,110
7/18/2013,115
7/19/2013,120
7/20/2013,90
7/21/2013,83
7/22/2013,79
7/23/2013,85
7/24/2013,90
7/25/2013,110
7/26/2013,255
7/27/2013,687
7/28/2013,286
7/29/2013,208
7/30/2013,158
7/31/2013,104
8/1/2013,132
8/2/2013,158
8/3/2013,87
8/4/2013,71
8/5/2013,72
8/6/2013,158
8/7/2013,111
8/8/2013,128
8/9/2013,81
8/10/2013,79
8/11/2013,98
8/12/2013,78
8/13/2013,100
8/14/2013,72
8/15/2013,124
8/16/2013,117
8/17/2013,59
8/18/2013,151
8/19/2013,123
8/20/2013,140
8/21/2013,121
8/22/2013,90
8/23/2013,86
8/24/2013,64
8/25/2013,49
8/26/2013,45
8/27/2013,71
8/28/2013,78
8/29/2013,116
8/30/2013,120
8/31/2013,69
9/1/2013,53
9/2/2013,46
9/3/2013,58
9/4/2013,66
9/5/2013,103
9/6/2013,94
9/7/2013,52
9/8/2013,108
9/9/2013,170
9/10/2013,93
9/11/2013,70
9/12/2013,65
9/13/2013,69
9/14/2013,49
9/15/2013,82
9/16/2013,114
9/17/2013,95
9/18/2013,58
9/19/2013,113
9/20/2013,85
9/21/2013,79
9/22/2013,66
9/23/2013,137
9/24/2013,111
9/25/2013,105
9/26/2013,74
9/27/2013,74
9/28/2013,69
9/29/2013,54
9/30/2013,74
10/1/2013,59
10/2/2013,65
10/3/2013,62
10/4/2013,43
10/5/2013,47
10/6/2013,96
10/7/2013,100
10/8/2013,61
10/9/2013,81
10/10/2013,53
10/11/2013,69
10/12/2013,277
10/13/2013,83
10/14/2013,100
10/15/2013,66
10/16/2013,49
10/17/2013,87
10/18/2013,63
10/19/2013,88
10/20/2013,93
10/21/2013,100
10/22/2013,55
10/23/2013,80
10/24/2013,46
10/25/2013,49
10/26/2013,73
10/27/2013,54
10/28/2013,81
10/29/2013,80
10/30/2013,56
10/31/2013,58
11/1/2013,51
11/2/2013,51
11/3/2013,57
11/4/2013,54
11/5/2013,48
11/6/2013,62
11/7/2013,39
11/8/2013,52
11/9/2013,43
11/10/2013,48
11/11/2013,52
11/12/2013,65
11/13/2013,65
11/14/2013,34
11/15/2013,53
11/16/2013,37
11/17/2013,42
11/18/2013,74
11/19/2013,70
11/20/2013,79
11/21/2013,73
11/22/2013,68
11/23/2013,51
11/24/2013,649
11/25/2013,59
11/26/2013,55
11/27/2013,59
11/28/2013,70
11/29/2013,84
11/30/2013,59
12/1/2013,59
12/2/2013,622
12/3/2013,96
12/4/2013,333
12/5/2013,58
12/6/2013,878
12/7/2013,67
12/8/2013,172
12/9/2013,91
12/10/2013,97
12/11/2013,123
12/12/2013,78
12/13/2013,61
12/14/2013,47
12/15/2013,48
12/16/2013,60
12/17/2013,51
12/18/2013,53
12/19/2013,41
12/20/2013,44
12/21/2013,26
12/22/2013,45
12/23/2013,59
12/24/2013,78
12/25/2013,38
12/26/2013,50
12/27/2013,74
12/28/2013,45
12/29/2013,38
12/30/2013,56
12/31/2013,55
1/1/2014,536
1/2/2014,1008
1/3/2014,849
1/4/2014,549
1/5/2014,600
1/6/2014,651
1/7/2014,635
1/8/2014,745
1/9/2014,661
1/10/2014,617
1/11/2014,469
1/12/2014,511
1/13/2014,689
1/14/2014,555
1/15/2014,580
1/16/2014,646
1/17/2014,497
1/18/2014,421
1/19/2014,456
1/20/2014,489
1/21/2014,528
1/22/2014,476
1/23/2014,504
1/24/2014,556
1/25/2014,455
1/26/2014,449
1/27/2014,479
1/28/2014,519
1/29/2014,594
1/30/2014,534
1/31/2014,535
2/1/2014,503
2/2/2014,468
2/3/2014,556
2/4/2014,535
2/5/2014,561
2/6/2014,575
2/7/2014,683
2/8/2014,476
2/9/2014,520
2/10/2014,553
2/11/2014,617
2/12/2014,582
2/13/2014,575
2/14/2014,539
2/15/2014,422
2/16/2014,495
2/17/2014,512
2/18/2014,506
2/19/2014,607
2/20/2014,686
2/21/2014,531
2/22/2014,462
2/23/2014,588
2/24/2014,481
2/25/2014,486
2/26/2014,534
2/27/2014,474
2/28/2014,524
3/1/2014,386
3/2/2014,446
3/3/2014,472
3/4/2014,457
3/5/2014,494
3/6/2014,460
3/7/2014,490
3/8/2014,464
3/9/2014,444
3/10/2014,467
3/11/2014,452
3/12/2014,544
3/13/2014,513
3/14/2014,501
3/15/2014,426
3/16/2014,447
3/17/2014,577
3/18/2014,599
3/19/2014,565
3/20/2014,572
3/21/2014,556
3/22/2014,460
3/23/2014,485
3/24/2014,555
3/25/2014,565
3/26/2014,599
3/27/2014,580
3/28/2014,562
3/29/2014,492
3/30/2014,480
3/31/2014,555
4/1/2014,1699
4/2/2014,2798
4/3/2014,1194
4/4/2014,820
4/5/2014,541
4/6/2014,482
4/7/2014,448
4/8/2014,557
4/9/2014,616
4/10/2014,516
4/11/2014,501
4/12/2014,454
4/13/2014,470
4/14/2014,430
4/15/2014,580
4/16/2014,511
4/17/2014,680
4/18/2014,547
4/19/2014,447
4/20/2014,473
4/21/2014,559
4/22/2014,567
4/23/2014,676
4/24/2014,629
4/25/2014,647
4/26/2014,547
4/27/2014,574
4/28/2014,593
4/29/2014,556
4/30/2014,618
5/1/2014,592
5/2/2014,529
5/3/2014,422
5/4/2014,448
5/5/2014,624
5/6/2014,615
5/7/2014,552
5/8/2014,656
5/9/2014,678
5/10/2014,548
5/11/2014,559
5/12/2014,572
5/13/2014,708
5/14/2014,689
5/15/2014,678
5/16/2014,688
5/17/2014,550
5/18/2014,599
5/19/2014,651
5/20/2014,678
5/21/2014,695
5/22/2014,716
5/23/2014,776
5/24/2014,550
5/25/2014,708
5/26/2014,579
5/27/2014,504
5/28/2014,639
5/29/2014,590
5/30/2014,871
5/31/2014,757
6/1/2014,563
6/2/2014,604
6/3/2014,635
6/4/2014,716
6/5/2014,562
6/6/2014,585
6/7/2014,562
6/8/2014,443
6/9/2014,548
6/10/2014,502
6/11/2014,447
6/12/2014,435
6/13/2014,615
6/14/2014,377
6/15/2014,460
6/16/2014,510
6/17/2014,511
6/18/2014,561
6/19/2014,543
6/20/2014,557
6/21/2014,507
6/22/2014,507
6/23/2014,602
6/24/2014,565
6/25/2014,529
6/26/2014,492
6/27/2014,610
6/28/2014,635
6/29/2014,709
6/30/2014,685
7/1/2014,684
7/2/2014,716
7/3/2014,691
7/4/2014,609
7/5/2014,480
7/6/2014,545
7/7/2014,731
7/8/2014,804
7/9/2014,914
7/10/2014,757
7/11/2014,718
7/12/2014,653
7/13/2014,626
7/14/2014,684
7/15/2014,673
7/16/2014,702
7/17/2014,705
7/18/2014,706
7/19/2014,578
7/20/2014,601
7/21/2014,749
7/22/2014,798
7/23/2014,674
7/24/2014,673
7/25/2014,663
7/26/2014,556
7/27/2014,562
7/28/2014,610
7/29/2014,693
7/30/2014,648
7/31/2014,760
8/1/2014,699
8/2/2014,643
8/3/2014,590
8/4/2014,785
8/5/2014,839
8/6/2014,768
8/7/2014,778
8/8/2014,724
8/9/2014,653
8/10/2014,706
8/11/2014,738
8/12/2014,798
8/13/2014,821
8/14/2014,750
8/15/2014,720
8/16/2014,733
8/17/2014,667
8/18/2014,1012
8/19/2014,1098
8/20/2014,1183
8/21/2014,1157
8/22/2014,1734
8/23/2014,1720
8/24/2014,1457
8/25/2014,1791
8/26/2014,2023
8/27/2014,1870
8/28/2014,1798
8/29/2014,1692
8/30/2014,1404
8/31/2014,1461
9/1/2014,1434
9/2/2014,1494
9/3/2014,1734
9/4/2014,1676
9/5/2014,1728
9/6/2014,1592
9/7/2014,1826
9/8/2014,2056
9/9/2014,1966
9/10/2014,1904
9/11/2014,1952
9/12/2014,1811
9/13/2014,1553
9/14/2014,1634
9/15/2014,1826
9/16/2014,1804
9/17/2014,1741
9/18/2014,1642
9/19/2014,1594
9/20/2014,1632
9/21/2014,1542
9/22/2014,1802
9/23/2014,1911
9/24/2014,1789
9/25/2014,2074
9/26/2014,2018
9/27/2014,1490
9/28/2014,1659
9/29/2014,1870
9/30/2014,1852
10/1/2014,1905
10/2/2014,1949
10/3/2014,1895
10/4/2014,1720
10/5/2014,1629
10/6/2014,1837
10/7/2014,2005
10/8/2014,1971
10/9/2014,2036
10/10/2014,2014
10/11/2014,1805
10/12/2014,1703
10/13/2014,1938
10/14/2014,1923
10/15/2014,1942
10/16/2014,1898
10/17/2014,1586
10/18/2014,1326
10/19/2014,1363
10/20/2014,1658
10/21/2014,1824
10/22/2014,1747
10/23/2014,2029
10/24/2014,1721
10/25/2014,1634
10/26/2014,1694
10/27/2014,1965
10/28/2014,2394
10/29/2014,2096
10/30/2014,2378
10/31/2014,2353
11/1/2014,1986
11/2/2014,2382
11/3/2014,2178
11/4/2014,2101
11/5/2014,2045
11/6/2014,2220
11/7/2014,2141
11/8/2014,2019
11/9/2014,2144
11/10/2014,2395
11/11/2014,2420
11/12/2014,2337
11/13/2014,2249
11/14/2014,2473
11/15/2014,2640
11/16/2014,2777
11/17/2014,3508
11/18/2014,2731
11/19/2014,2811
11/20/2014,2639
11/21/2014,2926
11/22/2014,2465
11/23/2014,2437
11/24/2014,2769
11/25/2014,3382
11/26/2014,3303
11/27/2014,2700
11/28/2014,2378
11/29/2014,2303
11/30/2014,2380
12/1/2014,2708
12/2/2014,3048
12/3/2014,3160
12/4/2014,2950
12/5/2014,2854
12/6/2014,2846
12/7/2014,2417
12/8/2014,2495
12/9/2014,2906
12/10/2014,3008
12/11/2014,2848
12/12/2014,2932
12/13/2014,2659
12/14/2014,2619
12/15/2014,2684
12/16/2014,2998
12/17/2014,3021
12/18/2014,3063
12/19/2014,2943
12/20/2014,2477
12/21/2014,2517
12/22/2014,2935
12/23/2014,2841
12/24/2014,2450
12/25/2014,2118
12/26/2014,2259
12/27/2014,2662
12/28/2014,3066
12/29/2014,3018
12/30/2014,3338
12/31/2014,3164
1/1/2015,2606
1/2/2015,3297
1/3/2015,3277
1/4/2015,3560
1/5/2015,3617
1/6/2015,3777
1/7/2015,3732
1/8/2015,3922
1/9/2015,3723
1/10/2015,3604
1/11/2015,3240
1/12/2015,4021
1/13/2015,3450
1/14/2015,4051
1/15/2015,3840
1/16/2015,4129
1/17/2015,3602
1/18/2015,3293
1/19/2015,4058
1/20/2015,3987
1/21/2015,3943
1/22/2015,3916
1/23/2015,3870
1/24/2015,3856
1/25/2015,4347
1/26/2015,4272
1/27/2015,4672
1/28/2015,4258
1/29/2015,4719
1/30/2015,4926
1/31/2015,4336
2/1/2015,4267
2/2/2015,4038
2/3/2015,4689
2/4/2015,4166
2/5/2015,4310
2/6/2015,4148
2/7/2015,3875
2/8/2015,4522
2/9/2015,4278
2/10/2015,4340
2/11/2015,4843
2/12/2015,4523
2/13/2015,4164
2/14/2015,3764
2/15/2015,3650
2/16/2015,4459
2/17/2015,4883
2/18/2015,4611
2/19/2015,4971
2/20/2015,4773
2/21/2015,4323
2/22/2015,5130
2/23/2015,5142
2/24/2015,5579
2/25/2015,4803
2/26/2015,5142
2/27/2015,5278
2/28/2015,4247
3/1/2015,4333
3/2/2015,4859
3/3/2015,4474
3/4/2015,5109
3/5/2015,5898
3/6/2015,4876
3/7/2015,4940
3/8/2015,4748
3/9/2015,5602
3/10/2015,6241
3/11/2015,6418
3/12/2015,6594
3/13/2015,6296
3/14/2015,5134
3/15/2015,5305
3/16/2015,5561
3/17/2015,5529
3/18/2015,5821
3/19/2015,6228
3/20/2015,6360
3/21/2015,5430
3/22/2015,4918
3/23/2015,5829
3/24/2015,5875
3/25/2015,6322
3/26/2015,6243
3/27/2015,6422
3/28/2015,4843
3/29/2015,5416
3/30/2015,6503
3/31/2015,6882
4/1/2015,6231
4/2/2015,5841
4/3/2015,5598
4/4/2015,4750
4/5/2015,4898
4/6/2015,6463
4/7/2015,6431
4/8/2015,6452
4/9/2015,6354
4/10/2015,5990
4/11/2015,5357
4/12/2015,5434
4/13/2015,6140
4/14/2015,6388
4/15/2015,6116
4/16/2015,6381
4/17/2015,5690
4/18/2015,4850
4/19/2015,4873
4/20/2015,5579
4/21/2015,6016
4/22/2015,6526
4/23/2015,6064
4/24/2015,6295
4/25/2015,5362
4/26/2015,5765
4/27/2015,6194
4/28/2015,7499
4/29/2015,7584
4/30/2015,7942
5/1/2015,6911
5/2/2015,5480
5/3/2015,5692
5/4/2015,6738
5/5/2015,6741
5/6/2015,6464
5/7/2015,6697
5/8/2015,6196
5/9/2015,5098
5/10/2015,5074
5/11/2015,6353
5/12/2015,5534
5/13/2015,6335
5/14/2015,6884
5/15/2015,6575
5/16/2015,5610
5/17/2015,5771
5/18/2015,6676
5/19/2015,6332
5/20/2015,6633
5/21/2015,6698
5/22/2015,6397
5/23/2015,5324
5/24/2015,6268
5/25/2015,6872
5/26/2015,7329
5/27/2015,7766
5/28/2015,7222
5/29/2015,7240
5/30/2015,6427
5/31/2015,6243
6/1/2015,3613
6/2/2015,1228
6/3/2015,1341
6/4/2015,1226
6/5/2015,1243
6/6/2015,1136
6/7/2015,1243
6/8/2015,1245
6/9/2015,1456
6/10/2015,1937
6/11/2015,3083
6/12/2015,2483
6/13/2015,2032
6/14/2015,1544
6/15/2015,1443
6/16/2015,1793
6/17/2015,1653
6/18/2015,1895
6/19/2015,1697
6/20/2015,1648
6/21/2015,1470
6/22/2015,1586
6/23/2015,1884
6/24/2015,1849
6/25/2015,1781
6/26/2015,1831
6/27/2015,1639
6/28/2015,1472
6/29/2015,1781
6/30/2015,1722
7/1/2015,1481
7/2/2015,1501
7/3/2015,1452
7/4/2015,1398
7/5/2015,1298
7/6/2015,1377
7/7/2015,1559
7/8/2015,1622
7/9/2015,1569
7/10/2015,1868
7/11/2015,1827
7/12/2015,1676
7/13/2015,1829
7/14/2015,1782
7/15/2015,4451
7/16/2015,3073
7/17/2015,2394
7/18/2015,2184
7/19/2015,2124
7/20/2015,2165
7/21/2015,2519
7/22/2015,2311
7/23/2015,1849
7/24/2015,40
7/25/2015,53
7/26/2015,57
7/27/2015,65
7/28/2015,43
7/29/2015,26
7/30/2015,38
7/31/2015,44
8/1/2015,53
8/2/2015,28
8/3/2015,46
8/4/2015,60
8/5/2015,24
8/6/2015,27
8/7/2015,15
8/8/2015,21
8/9/2015,20
8/10/2015,19
8/11/2015,18
8/12/2015,12
8/13/2015,12
8/14/2015,24
8/15/2015,29
8/16/2015,44
8/17/2015,48
8/18/2015,29
8/19/2015,10
8/20/2015,15
8/21/2015,66
8/22/2015,131
8/23/2015,111
8/24/2015,42
8/25/2015,112
8/26/2015,312
8/27/2015,350
8/28/2015,272
8/29/2015,234
8/30/2015,231
8/31/2015,285
9/1/2015,4679
9/2/2015,5852
9/3/2015,5708
9/4/2015,6153
9/5/2015,5231
9/6/2015,5545
9/7/2015,6294
9/8/2015,5581
9/9/2015,4936
9/10/2015,5067
9/11/2015,5653
9/12/2015,5698
9/13/2015,6169
9/14/2015,5674
9/15/2015,5439
9/16/2015,6037
9/17/2015,6766
9/18/2015,6146
9/19/2015,6350
9/20/2015,7568
9/21/2015,6284
9/22/2015,5851
9/23/2015,6301
9/24/2015,7162
9/25/2015,6817
9/26/2015,7228
9/27/2015,8060
9/28/2015,7367
9/29/2015,6643
9/30/2015,6708
10/1/2015,313
10/2/2015,322
10/3/2015,351
10/4/2015,434
10/5/2015,437
10/6/2015,438
10/7/2015,529
10/8/2015,2175
10/9/2015,546
10/10/2015,643
10/11/2015,311
10/12/2015,847
10/13/2015,397
10/14/2015,430
10/15/2015,377
10/16/2015,419
10/17/2015,407
10/18/2015,554
10/19/2015,361
10/20/2015,458
10/21/2015,361
10/22/2015,389
10/23/2015,458
10/24/2015,1116
10/25/2015,609
10/26/2015,666
10/27/2015,484
10/28/2015,528
10/29/2015,581
10/30/2015,318
10/31/2015,378
11/1/2015,324
11/2/2015,172
11/3/2015,225
11/4/2015,177
11/5/2015,216
11/6/2015,179
11/7/2015,183
11/8/2015,128
11/9/2015,172
11/10/2015,164
11/11/2015,202
11/12/2015,158
11/13/2015,148
11/14/2015,189
11/15/2015,215
11/16/2015,195
11/17/2015,166
11/18/2015,115
11/19/2015,83
11/20/2015,84
11/21/2015,122
11/22/2015,124
11/23/2015,106
11/24/2015,295
11/25/2015,112
11/26/2015,80
11/27/2015,123
11/28/2015,99
11/29/2015,63
11/30/2015,37
12/1/2015,122
12/2/2015,600
12/3/2015,527
12/4/2015,513
12/5/2015,576
12/6/2015,633
12/7/2015,581
12/8/2015,686
12/9/2015,629
12/10/2015,627
12/11/2015,576
12/12/2015,810
12/13/2015,1005
12/14/2015,730
12/15/2015,566
12/16/2015,595
12/17/2015,603
12/18/2015,810
12/19/2015,1218
12/20/2015,1189
12/21/2015,982
12/22/2015,843
12/23/2015,756
12/24/2015,778
12/25/2015,758
12/26/2015,1152
12/27/2015,1323
12/28/2015,785
12/29/2015,793
12/30/2015,1020
12/31/2015,866
1/1/2016,288
1/2/2016,344
1/3/2016,305
1/4/2016,307
1/5/2016,278
1/6/2016,333
1/7/2016,424
1/8/2016,201
1/9/2016,246
1/10/2016,131
1/11/2016,131
1/12/2016,73
1/13/2016,149
1/14/2016,122
1/15/2016,130
1/16/2016,185
1/17/2016,152
1/18/2016,82
1/19/2016,79
1/20/2016,79
1/21/2016,100
1/22/2016,35
1/23/2016,36
1/24/2016,32
1/25/2016,54
1/26/2016,30
1/27/2016,36
1/28/2016,24
1/29/2016,33
1/30/2016,31
1/31/2016,29
2/1/2016,137
2/2/2016,164
2/3/2016,162
2/4/2016,164
2/5/2016,56
2/6/2016,152
2/7/2016,165
2/8/2016,76
2/9/2016,92
2/10/2016,132
2/11/2016,127
2/12/2016,81
2/13/2016,134
2/14/2016,187
2/15/2016,128
2/16/2016,96
2/17/2016,119
2/18/2016,117
2/19/2016,103
2/20/2016,123
2/21/2016,146
2/22/2016,115
2/23/2016,132
2/24/2016,93
2/25/2016,128
2/26/2016,94
2/27/2016,140
2/28/2016,195
2/29/2016,75